{
  "config": {
    "device": "mps",
    "img_size": 380,
    "batch_size": 8,
    "accum_steps": 4,
    "phase1_epochs": 5,
    "phase2_epochs": 45,
    "phase1_lr": 0.001,
    "phase2_lr": 0.0001,
    "weight_decay": 0.0001,
    "label_smoothing": 0.1,
    "mixup_alpha": 0.2,
    "patience": 8,
    "workers": 4,
    "amp": false,
    "unfreeze_blocks": 3,
    "max_hours": 0.0,
    "resume": true
  },
  "log": {
    "phase1": [],
    "phase2": [
      {
        "epoch": 1,
        "train_loss": 0.890366559928291,
        "lr": 4e-05,
        "loss": 0.6671868393156264,
        "acc": 0.822020202020202,
        "macro_p": 0.7713495950262024,
        "macro_r": 0.7844402140378949,
        "macro_f1": 0.7736001632789198,
        "cm": [
          [
            621,
            49,
            325,
            0
          ],
          [
            133,
            1700,
            148,
            0
          ],
          [
            195,
            30,
            430,
            1
          ],
          [
            0,
            0,
            0,
            1318
          ]
        ]
      },
      {
        "epoch": 2,
        "train_loss": 0.8590176746011526,
        "lr": 6.000000000000001e-05,
        "loss": 0.6373489914036761,
        "acc": 0.835959595959596,
        "macro_p": 0.7852320654069348,
        "macro_r": 0.7988862257771293,
        "macro_f1": 0.7894135243613136,
        "cm": [
          [
            673,
            38,
            284,
            0
          ],
          [
            138,
            1720,
            123,
            0
          ],
          [
            194,
            35,
            427,
            0
          ],
          [
            0,
            0,
            0,
            1318
          ]
        ]
      },
      {
        "epoch": 3,
        "train_loss": 0.8228793076113357,
        "lr": 8e-05,
        "loss": 0.6287425220494318,
        "acc": 0.8383838383838383,
        "macro_p": 0.7887373003587119,
        "macro_r": 0.8039890057163968,
        "macro_f1": 0.7934855646418298,
        "cm": [
          [
            718,
            21,
            256,
            0
          ],
          [
            155,
            1695,
            131,
            0
          ],
          [
            217,
            20,
            419,
            0
          ],
          [
            0,
            0,
            0,
            1318
          ]
        ]
      },
      {
        "epoch": 4,
        "train_loss": 0.8000984618501569,
        "lr": 0.0001,
        "loss": 0.6206068901461784,
        "acc": 0.8377777777777777,
        "macro_p": 0.7926179153898296,
        "macro_r": 0.8037245460366558,
        "macro_f1": 0.7913329829093254,
        "cm": [
          [
            617,
            39,
            339,
            0
          ],
          [
            83,
            1743,
            155,
            0
          ],
          [
            152,
            35,
            469,
            0
          ],
          [
            0,
            0,
            0,
            1318
          ]
        ]
      },
      {
        "epoch": 5,
        "train_loss": 0.7869708113855192,
        "lr": 0.0001,
        "loss": 0.6191695970959133,
        "acc": 0.8452525252525253,
        "macro_p": 0.7992824533770342,
        "macro_r": 0.8148921054404636,
        "macro_f1": 0.8018467397512246,
        "cm": [
          [
            671,
            21,
            303,
            0
          ],
          [
            102,
            1727,
            152,
            0
          ],
          [
            167,
            21,
            468,
            0
          ],
          [
            0,
            0,
            0,
            1318
          ]
        ]
      },
      {
        "epoch": 6,
        "train_loss": 0.7672537933232542,
        "lr": 9.984602081996975e-05,
        "loss": 0.5991700100176263,
        "acc": 0.8593939393939394,
        "macro_p": 0.8119965990509604,
        "macro_r": 0.8273144209678178,
        "macro_f1": 0.8171930443714046,
        "cm": [
          [
            716,
            27,
            252,
            0
          ],
          [
            111,
            1760,
            110,
            0
          ],
          [
            173,
            23,
            460,
            0
          ],
          [
            0,
            0,
            0,
            1318
          ]
        ]
      },
      {
        "epoch": 7,
        "train_loss": 0.7619584270277433,
        "lr": 9.938503261272713e-05,
        "loss": 0.6024676227810407,
        "acc": 0.8567676767676767,
        "macro_p": 0.815501284927552,
        "macro_r": 0.8329210276227544,
        "macro_f1": 0.8177141936457388,
        "cm": [
          [
            670,
            34,
            291,
            0
          ],
          [
            95,
            1742,
            144,
            0
          ],
          [
            128,
            17,
            511,
            0
          ],
          [
            0,
            0,
            0,
            1318
          ]
        ]
      },
      {
        "epoch": 8,
        "train_loss": 0.749778691642385,
        "lr": 9.861987752386394e-05,
        "loss": 0.5923046191774234,
        "acc": 0.8636363636363636,
        "macro_p": 0.819342995265437,
        "macro_r": 0.8340908152667896,
        "macro_f1": 0.8230390038355622,
        "cm": [
          [
            696,
            40,
            259,
            0
          ],
          [
            84,
            1775,
            122,
            0
          ],
          [
            146,
            24,
            486,
            0
          ],
          [
            0,
            0,
            0,
            1318
          ]
        ]
      },
      {
        "epoch": 9,
        "train_loss": 0.7311736302209242,
        "lr": 9.755527298894293e-05,
        "loss": 0.5990937574945315,
        "acc": 0.8587878787878788,
        "macro_p": 0.8125913854661939,
        "macro_r": 0.8277387914149366,
        "macro_f1": 0.8168465310058842,
        "cm": [
          [
            700,
            35,
            260,
            0
          ],
          [
            92,
            1762,
            127,
            0
          ],
          [
            164,
            21,
            471,
            0
          ],
          [
            0,
            0,
            0,
            1318
          ]
        ]
      },
      {
        "epoch": 10,
        "train_loss": 0.7239248919746935,
        "lr": 9.619778264893878e-05,
        "loss": 0.6002284003508211,
        "acc": 0.8634343434343434,
        "macro_p": 0.8219334337018094,
        "macro_r": 0.8370664554241517,
        "macro_f1": 0.8235579839127145,
        "cm": [
          [
            678,
            34,
            283,
            0
          ],
          [
            72,
            1771,
            138,
            0
          ],
          [
            130,
            19,
            507,
            0
          ],
          [
            0,
            0,
            0,
            1318
          ]
        ]
      },
      {
        "epoch": 11,
        "train_loss": 0.7139767566257694,
        "lr": 9.455577588320898e-05,
        "loss": 0.5919678440479317,
        "acc": 0.8678787878787879,
        "macro_p": 0.8269805095722721,
        "macro_r": 0.8414877126379363,
        "macro_f1": 0.8288885777884526,
        "cm": [
          [
            683,
            40,
            272,
            0
          ],
          [
            73,
            1784,
            124,
            0
          ],
          [
            120,
            25,
            511,
            0
          ],
          [
            0,
            0,
            0,
            1318
          ]
        ]
      },
      {
        "epoch": 12,
        "train_loss": 0.7104265493032982,