{
  "sample_per_class": 200,
  "classes": {
    "acne": {
      "train": {
        "n": 200,
        "brightness": {
          "mean": 119.07656677246094,
          "std": 29.086945190377754
        },
        "contrast": {
          "mean": 39.63224710091904,
          "std": 14.478724492838918
        },
        "rgb_mean": {
          "R": 145.84682586669922,
          "G": 108.65557708740235,
          "B": 102.48592742919922
        },
        "hsv_mean": {
          "H": 55.528019714355466,
          "S": 88.04254425048828,
          "V": 147.17835540771483
        },
        "resolution": {
          "width_mean": 380.0,
          "height_mean": 380.0,
          "width_std": 0.0,
          "height_std": 0.0
        }
      },
      "val": {
        "n": 200,
        "brightness": {
          "mean": 115.34187835693359,
          "std": 29.13822914319565
        },
        "contrast": {
          "mean": 37.97687407627392,
          "std": 15.266610805318019
        },
        "rgb_mean": {
          "R": 142.37455139160156,
          "G": 104.8642822265625,
          "B": 98.35097534179687
        },
        "hsv_mean": {
          "H": 47.748506774902346,
          "S": 90.29342376708985,
          "V": 143.5725650024414
        },
        "resolution": {
          "width_mean": 380.0,
          "height_mean": 380.0,
          "width_std": 0.0,
          "height_std": 0.0
        }
      }
    },
    "dark_spots": {
      "train": {
        "n": 200,
        "brightness": {
          "mean": 113.57065124511719,
          "std": 34.130967913824094
        },
        "contrast": {
          "mean": 41.21621547246104,
          "std": 14.938253006151417
        },
        "rgb_mean": {
          "R": 134.6504638671875,
          "G": 106.00010955810546,
          "B": 97.22792877197266
        },
        "hsv_mean": {
          "H": 52.670657043457034,
          "S": 90.19207885742188,
          "V": 137.96170684814453
        },
        "resolution": {
          "width_mean": 380.0,
          "height_mean": 380.0,
          "width_std": 0.0,
          "height_std": 0.0
        }
      },
      "val": {
        "n": 200,
        "brightness": {
          "mean": 104.94753723144531,
          "std": 30.487203329825487
        },
        "contrast": {
          "mean": 42.46320820392754,
          "std": 14.966674346538523
        },
        "rgb_mean": {
          "R": 127.36912384033204,
          "G": 96.62470947265625,
          "B": 88.96705596923829
        },
        "hsv_mean": {
          "H": 52.19699737548828,
          "S": 93.53245941162109,
          "V": 129.55961547851564
        },
        "resolution": {
          "width_mean": 380.0,
          "height_mean": 380.0,
          "width_std": 0.0,
          "height_std": 0.0
        }
      }
    },
    "dryness": {
      "train": {
        "n": 200,
        "brightness": {
          "mean": 105.0093017578125,
          "std": 30.752137057950268
        },
        "contrast": {
          "mean": 44.42544421043313,
          "std": 15.360583555875662
        },
        "rgb_mean": {
          "R": 128.77785125732422,
          "G": 96.42203186035157,
          "B": 86.82928344726562
        },
        "hsv_mean": {
          "H": 47.180617065429686,
          "S": 98.13366760253906,
          "V": 130.07047302246093
        },
        "resolution": {
          "width_mean": 380.0,
          "height_mean": 380.0,
          "width_std": 0.0,
          "height_std": 0.0
        }
      },
      "val": {
        "n": 200,
        "brightness": {
          "mean": 107.93961456298828,
          "std": 30.187013126612175
        },
        "contrast": {
          "mean": 44.4863012863784,
          "std": 16.03741086225155
        },
        "rgb_mean": {
          "R": 133.20916229248047,
          "G": 98.64900421142578,
          "B": 89.44779449462891
        },
        "hsv_mean": {
          "H": 48.924124755859374,
          "S": 98.24545806884765,
          "V": 134.24997528076173
        },
        "resolution": {
          "width_mean": 380.0,
          "height_mean": 380.0,
          "width_std": 0.0,
          "height_std": 0.0
        }
      }
    },
    "normal": {
      "train": {
        "n": 200,
        "brightness": {
          "mean": 93.90786834716796,
          "std": 28.35845351624637
        },
        "contrast": {
          "mean": 63.69829045036682,
          "std": 11.023823794377668
        },
        "rgb_mean": {
          "R": 104.22625946044921,
          "G": 91.17194519042968,
          "B": 80.9113784790039
        },
        "hsv_mean": {
          "H": 43.87791900634765,
          "S": 90.50310241699219,
          "V": 110.77236267089843
        },
        "resolution": {
          "width_mean": 380.0,
          "height_mean": 380.0,
          "width_std": 0.0,
          "height_std": 0.0
        }
      },
      "val": {
        "n": 200,
        "brightness": {
          "mean": 94.99205993652343,
          "std": 25.39865062236487
        },
        "contrast": {
          "mean": 63.496130051933804,
          "std": 10.30035679079295
        },
        "rgb_mean": {
          "R": 106.34825531005859,
          "G": 91.81418823242187,
          "B": 81.54238006591797
        },
        "hsv_mean": {
          "H": 45.160843505859376,
          "S": 92.86154663085938,
          "V": 113.22642272949219
        },
        "resolution": {
          "width_mean": 380.0,
          "height_mean": 380.0,
          "width_std": 0.0,
          "height_std": 0.0
        }
      }
    }
  }
}