{
  "overall_accuracy": 0.9667371388301621,
  "macro_precision": 0.9363882062883659,
  "macro_recall": 0.9680381975732106,
  "macro_f1": 0.9489926590346337,
  "per_class": {
    "acne": {
      "support": 843,
      "precision": 0.9709443099273608,
      "recall": 0.9513641755634639,
      "f1": 0.9610545236668664,
      "accuracy": 0.9513641755634639
    },
    "dark_spots": {
      "support": 714,
      "precision": 0.779379157427938,
      "recall": 0.9845938375350141,
      "f1": 0.870049504950495,
      "accuracy": 0.9845938375350141
    },
    "dryness": {
      "support": 2891,
      "precision": 0.9952293577981651,
      "recall": 0.938083708059495,
      "f1": 0.9658119658119658,
      "accuracy": 0.938083708059495
    },
    "normal": {
      "support": 2647,
      "precision": 1.0,
      "recall": 0.9981110691348697,
      "f1": 0.9990546417092078,
      "accuracy": 0.9981110691348697
    }
  }
}