{
  "weights_file": "core/ai_models/dryness_v2.pth",
  "classes": [
    "dry",
    "not_dry"
  ],
  "dry_index": 0,
  "img_size": 224,
  "normalize_mean": [
    0.485,
    0.456,
    0.406
  ],
  "normalize_std": [
    0.229,
    0.224,
    0.225
  ],
  "use_tta": true,
  "tta_num_views": 5,
  "tta_views": [
    "original",
    "hflip",
    "rot+10",
    "rot-10",
    "brightness+0.15"
  ],
  "decision_threshold": 0.53,
  "threshold_selection": "F1-optimal on val with TTA",
  "val_metrics_at_chosen": {
    "threshold": 0.53,
    "acc": 0.9100985221674877,
    "precision_dry": 0.8650793650793651,
    "recall_dry": 0.8482490272373541,
    "f1_dry": 0.8565815324165029,
    "auc": 0.9551793038174361,
    "cm": [
      [
        218,
        39
      ],
      [
        34,
        521
      ]
    ]
  },
  "test_metrics_at_chosen": {
    "threshold": 0.53,
    "acc": 0.9242053789731052,
    "precision_dry": 0.847457627118644,
    "recall_dry": 0.8849557522123894,
    "f1_dry": 0.8658008658008658,
    "auc": 0.9628079406840468,
    "cm": [
      [
        100,
        13
      ],
      [
        18,
        278
      ]
    ]
  },
  "test_metrics_baseline": {
    "threshold": 0.5,
    "acc": 0.9144254278728606,
    "precision_dry": 0.8145161290322581,
    "recall_dry": 0.8938053097345132,
    "f1_dry": 0.8523206751054853,
    "auc": 0.9564099497727816,
    "cm": [
      [
        101,
        12
      ],
      [
        23,
        273
      ]
    ]
  },
  "test_metrics_tta_only": {
    "threshold": 0.5,
    "acc": 0.9144254278728606,
    "precision_dry": 0.819672131147541,
    "recall_dry": 0.8849557522123894,
    "f1_dry": 0.851063829787234,
    "auc": 0.9628079406840468,
    "cm": [
      [
        100,
        13
      ],
      [
        22,
        274
      ]
    ]
  }
}