{
  "weights": "core/ai_models/efficientnet_b4_primary_v2.pth",
  "classes": [
    "acne",
    "dark_spots",
    "dryness_new",
    "normal"
  ],
  "img_size": 380,
  "use_tta": true,
  "temperature": 0.8367019891738892,
  "normalize_mean": [
    0.485,
    0.456,
    0.406
  ],
  "normalize_std": [
    0.229,
    0.224,
    0.225
  ],
  "test_baseline": {
    "tag": "baseline (test)",
    "acc": 0.8884180790960452,
    "macro_f1": 0.8541954195315459,
    "per_class": {
      "acne": {
        "p": 0.7808219178082192,
        "r": 0.798,
        "f1": 0.7893175074183977
      },
      "dark_spots": {
        "p": 0.9677245831091985,
        "r": 0.9076690211907165,
        "f1": 0.9367352252017703
      },
      "dryness_new": {
        "p": 0.6446499339498019,
        "r": 0.7439024390243902,
        "f1": 0.6907289455060156
      },
      "normal": {
        "p": 1.0,
        "r": 1.0,
        "f1": 1.0
      }
    },
    "cm": [
      [
        798,
        35,
        167,
        0
      ],
      [
        81,
        1799,
        102,
        0
      ],
      [
        143,
        25,
        488,
        0
      ],
      [
        0,
        0,
        0,
        1318
      ]
    ]
  },
  "test_tta": {
    "tag": "TTA (test)",
    "acc": 0.8922518159806295,
    "macro_f1": 0.8577395126212208,
    "per_class": {
      "acne": {
        "p": 0.7799227799227799,
        "r": 0.808,
        "f1": 0.793713163064833
      },
      "dark_spots": {
        "p": 0.9736417428725122,
        "r": 0.9132189707366297,
        "f1": 0.9424629002863838
      },
      "dryness_new": {
        "p": 0.6541049798115747,
        "r": 0.7408536585365854,
        "f1": 0.6947819871336669
      },
      "normal": {
        "p": 1.0,
        "r": 1.0,
        "f1": 1.0
      }
    },
    "cm": [
      [
        808,
        30,
        162,
        0
      ],
      [
        77,
        1810,
        95,
        0
      ],
      [
        151,
        19,
        486,
        0
      ],
      [
        0,
        0,
        0,
        1318
      ]
    ]
  }
}